category,name,typeEstim,channels,pattern,freq,volume,shape,rampDuration,effectDepth,effectFrequence,seq_steps,uid
stop,stop,,,,2000,-30,,,,,,25377d2b-4dd5-4069-b56c-2c10ceefabb2
estimTower,AAaudio/100a.mp3,,,,1000,-20,sine,9,1,random#3#5,,585697b9-649f-4467-9968-ef22f6da108f
estimTower,AAaudio/101a.mp3,,,,1000,-30,sine,0,1,1,,f219a221-5079-40ea-88fd-fdc9a50d0d1b
estimTower,AAaudio/102a.mp3,,,,1000,-30,sine,0,1,1,,d6b351d3-0cae-4487-9b3a-727496e9dea3
estimTower,AAaudio/103a.mp3,,,,1000,-30,sine,0,1,1,,adfd64bd-a1bb-498a-9c89-1d251c59204d
estimTower,AAaudio/104a.mp3,,,,1000,-23,sine,0,1,1,,91d37744-1e79-408d-83a8-35272d800aae
estimTower,AAaudio/105a.mp3,,,,1000,-23,sine,0,1,1,,1fe4d7c3-3613-4d59-b66c-cc303fec5b21
devtest,TESTCUBIC,pleasure,Both,sequence,1500,-20.5,sine,0,1,1,1,9508ADE6-DA9B-452D-BB75-BDC6673F74C5
devtest,testzzzz,pleasure,Both,sequence,350,-27.5,sine,0,1,1,1,A6FC13C9-A63A-4D24-9DCB-2ACDA17552FB
gifs,gifankha,pleasure,Both,sequence,200,-20,sine,0,0.75,1,1,521c2a4f-f223-401f-80de-aabaa3af0b08
gifs,gif1,pleasure,Both,sequence,250,-19,sine,0,0.75,1,1,e9a0ea8a-7fe9-4722-8491-d21cdef339b0
gifs,24854991a,pain,A,sequence,500,-30,pulse,0,1,1,1,6f630db6-ee32-48ce-99f0-6e4e92ed9fdc
gifs,24528781a,pleasure,Both,sequence,1000,-24,pulse,0,1,1,1,32bb036a-cc9d-4c29-8b55-c8f0b50d459c
gifs,48562581a,pleasure,Both,sequence,500,-24,sine,0,1,1,1,36c59326-2249-4787-ba89-14f9399fe092
gifs,30272281a,pain,A,sequence,500,-30,pulse,0,1,1,1,455032b1-2e16-4c9f-abdb-e53814278a49
gifs,44219411a,pleasure,Both,sequence,1250,-20,square,1,1,1,1,ebe9aba7-0c95-4585-b009-fe923bc48e87
gifs,49835641a,pleasure,Both,sequence,1400,-20.5,square,1,1,1,1,3c285727-f4f9-420a-ba00-2a5c12fc98fd
Trop fort,stutterShortSuperSlow,,,,250,-18.5,sine,0,1,1.2,,078cdb03-81d4-4522-8dff-60669eccf0c3
Trop fort,VolumeSqueeze2BFastLowFreq,,,,315,-19.4,sine,0.5,1,2,,ab950169-cd5a-4755-bc6c-273dbd997bb6
Trop fort,10SContinuousSinglePulse,,,,930,-21.289999999999996,sine,1,1,1,,d6f8841d-78f8-4de4-bad9-b8ca87166a74
Jouissif,pulse2BMedium,,,,300,-19,sine,1,1,1.6,,56238495-2235-47a9-ad52-56a452fae03a
Jouissif,waterfall2BMediumLowFreq,,,,500,-20,square,1,1,2,,bf4e92ac-92b3-4f91-8e1e-7a5a3824d14a
Jouissif,pulse2BSlow,,,,400,-20,sine,0,1,1,,9bb3f02d-0835-4ebd-a87f-5dffa513bebf
Jouissif,CustomTripleSqueezeFastLowFreq,,,,200,-19,sine,0,0.75,2,,18170168-5982-40e1-8d71-e5ef1fe058e1
Jouissif,tripleMilkFastLowFreq,,,,300,-18.5,sine,0,0.75,2.5,,9d47246b-0a3f-47c5-9e58-1537ad71edbe
Jouissif,FreqSqueeze2BFastLowFreq,,,,300,-19,sine,0,1,1.3,,2b961969-9f3e-452c-b314-3e95ea46a5c6
Jouissif,FreqSqueeze2BMediumLowFreq,,,,350,-20,sine,0,1,1,,607ed0b4-4cdd-43c3-8483-6596bd825960
Jouissif,pulse2BFastSquare,,,,150,-21.5,square,0.5,1,4,,6216590a-e5c9-4277-b19e-7ceedf28241c
Jouissif,2RampsMediumLowFreq,,,,750,-18,square,0,0.94,1,,f94210e7-c311-4b19-8e0e-5e704c8c74c8
Jouissif,longPulseShortPause,,,,750,-19,sine,0,0.5,0.6,,3b3323f4-672b-4531-9d05-010cbd69c279
Jouissif,2RampsFastLowFreq,,,,200,-18,sine,0.5,0.94,2.7,,ebfe6bd1-7631-4fa0-8410-2216b6bb56a6
Jouissif,volumeSineFast,,,,1650,-18,sine,0.06,1,2,,0727110d-fa95-4d2e-b364-8c4d675c0ece
Jouissif,FreqSqueeze2BMediumLowFreqSquare,,,,500,-21.5,square,0,1,1,,7b19c769-f258-40d8-b4f6-025e01ca3d8a
Jouissif,longPulseShortPauseFastLowFreq,,,,300,-19.5,sine,0,1,2.5,,94e01d82-7a35-4774-8e4e-460dcfd60729
Jouissif,pulse2BMedium,,,,300,-19,sine,0.6,1,1.5,,2d85895d-4aa1-4c3c-bc2c-1693c4391636
Jouissif,VolumeSqueeze2BFastLowFreq,,,,150,-20.5,sine,0,1,1.5,,2f6c5230-26f2-4041-8986-81ce0c682c03
Jouissif,milkingFeelingMediumLowFreq,,,,850,-17.5,sine,0.5,0.75,1.5,,4f72e137-e20f-4332-972d-ef49709e0103
Jouissif,trioletOnelongMediumLowFreqSquare,,,,500,-21,square,0.5,1,1.3,,710c6618-79b2-472f-9765-5d2308f653e6
Jouissif,milkingFeelingSlowLowFreq,,,,500,-20,sine,0.5,0.75,0.4,,53723584-7999-4dec-93c5-9b0ad5c00633
interrogatoire,2S1LSlow2,,,,random#350#650,random#-21#-19,sine,0,0.75,random#0.7#1.3,,f23d9d9c-9621-457a-a3ec-5dc80fc59c67
interrogatoire,2S1LSlow4,,,,random#350#650,random#-21#-19,sine,0,0.75,random#0.7#1.3,,b0599184-5f75-4558-8c41-83d9f6b8f7bc
interrogatoire,2S1LSlow,,,,455,-20,sine,0,0.75,0.9,,5fd7970b-18e2-4a6c-a878-779c84da5665
redgreenlight,reward,,,,300,-24,sine,1,1,1.5,,ac7391f8-46a6-4dc8-b19c-b325b9ca265a
system,lightPleasureCalibration,pleasure,Both,sequence,500,-22.5,sine,5,0.75,1,1,2fe9d43e-c1cd-4d76-aa9f-c6bab306b5d3
system,maxVolumeCalibration,pain,Both,sequence,500,-1,square,5,0.75,1,1,3708d9b5-f561-4546-a179-52c3d767b318
system,minIntensity,pleasure,Both,sequence,1500,-21,sine,5,1,1,1,15F9EBC0-D218-4D8D-BAA1-30E2F0450A20
EB-1-P,Intro1longPulseShortPause,,,,600,-24,sine,0,0.5,0.5,,b4525589-e1fc-453a-ad0d-11f93baff171
EB-1-P,Intro2longPulseShortPause,,,,550,-23,sine,0,0.5,0.7,,cf997fe1-b9cf-4a35-9459-b7a774f971c6
EB-1-P,Intro3longPulseShortPause,,,,500,-22,sine,0,0.5,1,,c5f951d5-bd89-401a-ae3e-d21b9123aab3
EB-1-P,Intro4longPulseShortPause,,,,400,-22,sine,0,0.5,1.3,,5abfe60d-53b5-4c6b-a3eb-ad0dfadee269
EB-1-P,Intro5longPulseShortPause,,,,350,-20,sine,0,0.5,1.7,,3df771c3-17cc-4f0f-b7e9-97bee3095fab
EB-1-P,Intro6longPulseShortPause,,,,300,-20,sine,0,0.5,2,,bdb9b03b-c3da-42e5-8d2d-3d343c628850
EB-1-P,Intro7longPulseShortPause,,,,150,-19,sine,0,0.5,2.4,,77602345-1c04-440b-9936-eaa129d4459e
TandDCFNM1,1,,,,1000,-24.99,sine,1,1,1,,0ed5565c-17e3-4075-9218-19b1393f66b6
TandDCFNM1,2,,,,1000,-23.49,sine,1,1,1,,4ecb3415-cd97-4b15-a85a-455cfb4d5230
TandDCFNM1,3,,,,1000,-23.04,sine,1,1,1,,9480d67c-6e12-4db1-b234-925bede486af
TandDCFNM1,4,,,,800,-23.04,sine,1,1,1,,03e7ca9f-bf3a-4dc5-8578-c16b0cedde00
TandDCFNM1,5,,,,850,-21.99,sine,1,1,1,,9725917c-593e-40dd-a5ed-46ef8558ae34
TandDCFNM1,6,,,,750,-20.99,sine,1,1,1,,dae24cbb-f0e7-407e-a113-841c8e2f9c27
miscs,lowFreqPleasure,pleasure,Both,sequence,500,-23.5,sine,0,1,1,1,261e6f3f-9ecb-4e54-a379-6bdea86e8764
miscs,pulse2BMedium,pleasure,Both,pulse2B,500,-17.5,sine,0,1,1,1,7BAC5BE0-9185-4407-AA3D-578A09BE1133
miscs,frustrationVolumeSine,pleasure,Both,sequence,1700,-23,sine,4,1,0.5,1,C32B3292-28E0-4983-8359-3246B98391A3
miscs,pushTheLimitsVolumeSine,pleasure,Both,sequence,1000,-24,square,0,1,0.7,1,6BC7E4A6-3D3A-4A20-B5F0-6AFD3FC36467
miscs,edge_continuous_pulse,pleasure,Both,sequence,750,-24.9,pulse,1,1,1.5,1,1FBC5312-CAF8-48F3-A9DC-D459DE5576E2
miscs,edge_1_continuous,pleasure,Both,sequence,900,-23.5,pulse,1,1,1,1,84F03B56-BC81-4A2F-8088-B83D0B957EA5
miscs,endOrgasm_final,pleasure,Both,sequence,1500,-23,pulse,0,1,1,1,9CCAEB9E-303F-4439-AF79-18BF6FAC6B3E
miscs,festivalMokkoriVolumeSineUnsync,pleasure,"A,B",sequence,1700,-22,sine,0,1,0.3,2,001ECFD4-E04C-4060-8FA7-6122D7539A8D
miscs,continuousLight,pleasure,Both,sequence,1500,-21,sine,1,1,1,1,6DF193A5-5EFB-4140-A0F3-05F8CB3B3942
endOrgasm,endOrgasm_5,pleasure,Both,sequence,1050,-22,square,0,1,2,1,f400cb1f-f66f-482b-9546-2b80d4b67903
endOrgasm,endOrgasm_4,pleasure,Both,sequence,850,-22,pulse,0,1,1,1,8ce8de55-9048-45cb-8e75-f6c21cda6e65
endOrgasm,endOrgasm_3,pleasure,Both,sequence,900,-22,square,0,1,1,1,33ac95be-e35f-486f-9919-f8b7e57f0168
endOrgasm,endOrgasm_2,pleasure,Both,sequence,1400,-22,square,1,1,1,1,e1ad849d-3ab1-4d47-a455-32c584d44c9a
endOrgasm,endOrgasm_1,pleasure,Both,sequence,1250,-21,square,0,1,1,1,0c82d2e1-bdba-4492-ae5c-deb66c46bd58
endOrgasm,endOrgasm_final,pleasure,Both,sequence,700,-22,square,1,1,1,1,0c88365a-bae9-49a8-a4cf-f298ca1fb412
edge,edge_2_pulse_unsynced,pleasure,"A,B",sequence,1000,-21.5,pulse,0,1,1,2,9e8ac962-41a6-4ad5-9c3f-c6f4cf26beec
edge,edge_2_pulse_ease,pleasure,Both,sequence,500,-21,square,0,1,1,1,a691cafd-b185-4925-b5df-a19570dc7622
edge,edge_pulse_volume_sine_unsynced,pleasure,"A,B",sequence,500,-23,square,0,1,1,2,bedc5bf5-a1af-4f60-b360-28126f9e1efe
edge,edge_rampPulse_pulse,pleasure,Both,sequence,1000,-20,pulse,1,1,1,1,8b7a9c67-e416-48bf-a770-3c8379ba2a99
edge,edge_continuous_pulse_unsynced,pleasure,"A,B",sequence,500,-24,square,0,1,1,2,dc79524b-7086-41d2-8f24-7d4a39398db5
generate_tease,stutterRegularMedium,pleasure,Both,sequence,500,-24,sine,0,1,1,1,60a2a771-6645-4eb1-9339-c151d006118c
generate_tease,pulse2BMedium,pleasure,Both,pulse2B,500,-17.5,sine,0,1,1,1,fc004dfe-f819-4607-8664-d94bdeeaae2e
generate_tease,volumeSineMedium,pleasure,Both,volumeSine,1500,-20.5,sine,0,1,1,1,4b5c0c57-9839-4556-93d0-d9883b0b6689
generate_tease,longStutterMedium,pleasure,Both,sequence,1700,-22,sine,0,1,1,1,fbec39da-e0af-4ea9-9e08-2fded3876ffe
generate_tease,miniPulseShocks,pleasure,Both,pulse2B,500,-17,sine,0,1,8,1,ac6455db-2208-49cf-a56b-61d01da46887
generate_tease,VolumeSqueeze2BMediumLowFreq,pleasure,Both,sequence,500,-17.5,sine,0,1,1,1,3f1c0862-b03d-41b5-bb2e-5689407dbd9a
generate_tease,longStrokeShortBreakSlow,pleasure,Both,sequence,500,-19.5,sine,1,1,0.6,1,7b72988c-9861-42fe-bacf-c95d4f454290
generate_tease,stutterRegularDualUnsync,pleasure,"A,B",sequence,500,-15,sine,0,1,1,2,227CABAD-256E-485A-A2DD-389D504D0D89
generate_tease,UnsyncedPulseDual,pleasure,"A,B",sequence,500,-27.3,sine,0,1,1,2,041303DD-6B94-42F8-A8AB-8EA7B1CC1921
generate_tease,UnsyncedUnregularDualPulse,pleasure,"A,B",sequence,500,-26.6,sine,0,1,1,2,FE59CC86-0010-40D7-A9C7-EC0803E04144
generate_frustration,stutterRegularSlow_unsynced,pleasure,"A,B",sequence,2000,-18.5,sine,0,1,0.7,2,7bfde939-c3d0-4392-a603-d0584427048c
generate_frustration,stutterUnRegularSlow_1,pleasure,Both,sequence,1750,-18.5,triangle,0,1,1,1,713b8f95-d6a5-45af-9900-038f73b2e13c
generate_frustration,stutterUnRegularSlow_unsynced_2,pleasure,"A,B",sequence,900,-17.5,sine,0,1,0.9,2,862dce98-fe1e-4d4b-9bb0-c739e72a78f7
generate_frustration,pulse2BSlow,pleasure,Both,pulse2B,1000,-20,sine,0,1,0.5,1,3e686f56-4785-4ec6-8fe1-3bfda95e50c7
generate_frustration,volumeSineSlow,pleasure,Both,volumeSine,1800,-23.5,sine,0,1,0.7,1,3dc09c26-3e9b-4e71-a25a-e9a5f7df571d
generate_frustration,continuousLight,pleasure,Both,,1500,-21,sine,1,1,1,1,113309c7-c651-4c02-8022-6a49fadc814c
generate_frustration,LighterStrokeCaressSlow,pleasure,Both,sequence,500,-21.5,sine,1,1,0.6,1,02d0deeb-e88b-47ba-a2bb-0fdc6f573fbf
generate_frustration,LighterStrokeCaressSlow_unsynced,pleasure,"A,B",sequence,750,-21.5,sine,0,1,0.6,2,AB4A1CA9-4C84-4532-87F3-3A16B7F79416
estimAI,pleasant_staccato,pleasure,Both,sequence,1500,-19,sine,0,1,1,1,DB480FD1-7556-45EC-9F79-2CDE90DBDD9E
estimAI,delightful_staccato,pleasure,Both,sequence,1500,-19,square,0,1,1,1,3a8fdf67-9f73-467e-8d1f-b50320841f1a
estimAI,pleasant_ramp,pleasure,Both,sequence,1500,-26.3,sine,0,1,1,1,DBF759D7-9187-4C35-BF6B-1C183FEC8901
estimAI,delightful_ramp,pleasure,Both,sequence,1750,-26.3,square,0,1,1,1,37427230-F4EB-4630-B926-BC94CEAE47D4
estimAI,orgasmic,pleasure,Both,sequence,1500,-22,square,0,1,1,1,F911567E-02BD-417B-8DC8-91EA6F25688D
estimAI,delightful_ramp_unsync,pleasure,"A,B",sequence,1850,-26.3,square,0,1,1,2,F09296AC-94AD-4073-955D-2DA6826F5717
estimAI,pleasant_ramp_unsync,pleasure,"A,B",sequence,1650,-26.3,sine,0,1,1,2,E956C1EB-6896-4940-9062-1C2BFB3D1F89
estimAI,delightful_staccato_unsync,pleasure,"A,B",sequence,1650,-19,square,0,1,1,2,C868B2BA-E625-40EE-9CB1-50EDEF09E5AB
estimAI,pleasant_staccato_unsync,pleasure,"A,B",sequence,1650,-19,sine,0,1,1,2,95786DC5-B709-4828-B0F9-ACE30A9BFD33
estimAI,orgasmic_unsync_old,pleasure,"A,B",sequence,1500,-24.9,pulse,0,1,1.5,2,C26C5488-8D03-44BC-8F87-5028D2D20E24
estimAI,orgasmic_unsync_old2,pleasure,"A,B",sequence,700,-24,square,0,1,1,2,9E0DE42B-F270-4BEF-99FD-8076DF1F22C6
estimAI,orgasmic_unsync,pleasure,"A,B",sequence,500,-23.6,square,0,1,1,2,B41CFAA5-4D66-4707-9F83-79AE507137A8
estimAIPain,continuousPain,pain,Both,sequence,1000,-23.4,square,0,1,1,1,ace4a4ad-0475-474d-a842-e6cc03bbaaf4
painPatterns,rapid_fire,pain,Both,sequence,500,-26.4,square,0,1,1,1,01169F81-5703-4371-9564-66399918C7E1
painPatterns,stutter_pain,pain,Both,sequence,500,-27.2,square,0,1,1,1,41B8BAF9-0415-4314-AB8F-2D09E4C54BD1
painPatterns,wait_for_it,pain,Both,sequence,500,-24.9,square,0,1,1,1,35061439-8741-407D-9370-0BD1F7098C3E
painPatterns,up_and_down,pain,Both,sequence,500,-24.5,square,0,1,1,1,D2E8A762-6892-4858-8BD7-3CA152FFF1DB
painPatterns,normal,pain,"A,B",sequence,500,-5,square,0,1,1,2,55F16214-6BD0-45F0-87C0-05B7ACAEDA76
estimAIPool,tickles,pleasure,"A,B",sequence,1000,-24.5,sine,1,1,1,2,BF653B68-AA1C-419B-BA23-0CC25067508F
estimAIPool,light_stutter,pleasure,"A,B",sequence,1300,-17.5,sine,0,1,1,2,C6BCF6DC-F007-45E8-8955-7680ABE010CD
estimAIPool,light_pulse,pleasure,Both,sequence,900,-25.1,sine,0,1,1,1,91D7740A-D47A-4CF6-9890-8259CC1597D2
estimAIPool,teasing_pulse,pleasure,"A,B",sequence,500,-25.1,sine,0,1,1,2,CA3EE119-9FBC-4BD6-B1D4-73CF7B7A113B
estimAIPool,teasing_stutter,pleasure,"A,B",sequence,500,-25.1,sine,0,1,1,2,C3EC26B2-0F53-4227-B36E-B2F4CED77324
estimAIPool,teasing_continuous,pleasure,"A,B",sequence,900,-22.5,sine,0,1,1,2,DFC63FBF-690D-4D5C-9600-CD9C1F772E87
estimAIPool,edging_continuous,pleasure,"A,B",sequence,1100,-25.6,pulse,0,1,1,2,31E44D63-4107-47B6-85CC-2D858FC092FB
estimAIPool,pain_stutter,pain,Both,sequence,500,-26.7,pulse,0,1,1,1,2DA33C9E-E082-4AEF-87ED-F3D28C494341
estimAIPool,pain_slow_ramp,pain,Both,sequence,500,-25.4,square,0,1,1,1,F03C1496-4EB3-4122-A489-04D277AE866A
estimAIPool,edging_pulse,pleasure,"A,B",sequence,900,-27,pulse,0,1,1,2,9A993641-EF88-4EE1-AF8C-CDE1674821BC
estimAIPool,edging_wave,pleasure,"A,B",sequence,1100,-16,pulse,0,1,1,2,937D9518-962D-450D-A489-40D03AA9CED3
estimAIPool,pain_shocks,pain,"A,B",sequence,500,-5,square,0,1,1,2,2016c0db-5c84-4366-abe7-9c4bf71176e0
